Event,Category,Name,Gender,Weight,Age,Country,Record,Season,Source
100,12 and Under,Yaroslav Z,M,,12,UKR,00:15.8,2021,PM Verification Code
100,12 and Under,Danielle Kaschula,F,,12,ZIM,00:17.5,2021,PM Verification Code
100,13-14,Isaiah Harrison,M,,14,USA,00:14.4,2019,PM Verification Code
100,13-14,Imke Kitchin,F,,14,NZL,00:17.0,2016,Witnessed at public club
100,15-16,Isaiah Harrison,M,,16,USA,00:13.7,2020,PM Verification Code
100,15-16,Gabrielle Graves,F,,16,USA,00:16.7,2019,PM Verification Code
100,17-18,Egor Lubskiy,M,Hwt,18,RUS,00:13.2,2021,Video
100,17-18,Itai Almogy,M,Lwt,18,USA,00:14.6,2021,PM Verification Code
100,17-18,Isabel Bisschops,F,Hwt,17,AUS,00:16.1,2020,PM Verification Code
100,17-18,Annie Phillips,F,Lwt,18,USA,00:17.8,2017,Witnessed at public club
100,19-29,Michel Palisaar,M,Hwt,27,GER,00:12.8,2020,PM Verification Code
100,19-29,Azizjon Abdullaev,M,Lwt,27,TJK,00:14.1,2021,PM Verification Code
100,19-29,Cissi Velin,F,Hwt,26,SWE,00:15.7,2016,PM Verification Code
100,19-29,Vici Blann,F,Lwt,29,GBR,00:16.7,2018,PM Verification Code
100,30-39,Loren Howard,M,Hwt,34,USA,00:12.6,2019,PM Verification Code
100,30-39,Oskar Hartmann,M,Lwt,37,GER,00:13.4,2020,PM Verification Code
100,30-39,Anastasia Ganina,F,Hwt,34,RUS,00:15.1,2020,PM Verification Code
100,30-39,Anna Lewis,F,Lwt,37,GBR,00:17.6,2017,PM Verification Code
100,40-49,Lasse Edvardsen,M,Hwt,44,NOR,00:12.9,2020,PM Verification Code
100,40-49,Tyson Whitt,M,Lwt,42,USA,00:14.0,2021,PM Verification Code
100,40-49,Ana Caldas,F,Hwt,40,USA,00:15.9,2018,PM Verification Code
100,40-49,Tanya Haeffele,F,Lwt,40,GBR,00:17.0,2020,PM Verification Code
100,50-59,Paul Jeffrey,M,Hwt,54,AUS,00:13.1,2018,PM Verification Code
100,50-59,Jeff Arquette,M,Lwt,56,USA,00:14.4,2018,Video
100,50-59,Deb Sarhan,F,Hwt,54,USA,00:15.5,2021,PM Verification Code
100,50-59,Dénia Amon,F,Lwt,52,GER,00:17.8,2019,PM Verification Code
100,60-69,Steve Bainbridge,M,Hwt,63,GBR,00:14.1,2020,PM Verification Code
100,60-69,Steve Roedde,M,Lwt,63,CAN,00:15.0,2018,PM Verification Code
100,60-69,Peta Robinson,F,Hwt,61,AUS,00:18.2,2021,PM Verification Code
100,60-69,Carol Woodward,F,Lwt,60,GBR,00:18.8,2019,PM Verification Code
100,70-79,David Berry,M,Hwt,75,AUS,00:15.5,2020,PM Verification Code
100,70-79,Jørgen Engelbrecht,M,Lwt,71,DEN,00:16.5,2018,PM Verification Code
100,70-79,Jill Gardner,F,Lwt,71,USA,00:19.7,2020,PM Verification Code
100,70-79,Barb McColl,F,Hwt,70,CAN,00:19.8,2021,PM Verification Code
100,80-89,Jan Otto Kristiansen,M,Hwt,80,NOR,00:16.3,2021,PM Verification Code
100,80-89,Ernest Tuff,M,Hwt,80,GBR,00:16.3,2019,PM Verification Code
100,80-89,Edwin Berry,M,Lwt,83,USA,00:18.1,2020,PM Verification Code
100,80-89,Hilary Weeks,F,Hwt,80,NZL,00:21.7,2017,PM Verification Code
100,80-89,Anne Cresswell,F,Lwt,80,AUS,00:22.7,2019,PM Verification Code
100,90-99,Allan Coles,M,Hwt,91,AUS,00:20.3,2019,PM Verification Code
100,90-99,Dean Smith,M,Lwt,94,USA,00:21.6,2021,PM Verification Code
100,90-99,"Kathlyn ""Phyllis"" Chrisfield",F,Hwt,92,USA,00:36.6,2019,PM Verification Code
100,90-99,Mary Gibson,F,Lwt,90,GBR,00:42.4,2019,Witnessed at public club
100,100+,Anita Chionchio,F,Hwt,101,USA,00:43.9,2019,Witnessed at public club
100,100+,Grace Monaghan,F,Lwt,103,USA,00:52.1,2018,PM Verification Code
100,100+,Angelo DeCaro,M,Lwt,101,USA,01:09.0,2017,Witnessed at public club
1000,12 and Under,Yaroslav Z,M,,12,UKR,03:14.9,2021,PM Verification Code
1000,12 and Under,Dani K,F,,12,ZIM,03:23.5,2020,Video
1000,13-14,Isaiah Harrison,M,,14,USA,02:53.1,2019,PM Verification Code
1000,13-14,Elizabeth Sharis,F,,14,USA,03:26.4,2012,PM Verification Code
1000,15-16,Isaiah Harrison,M,,16,USA,02:45.3,2020,PM Verification Code
1000,15-16,Neve Lee,F,,16,AUS,03:17.3,2020,PM Verification Code
1000,17-18,Isaiah Harrison,M,Hwt,17,USA,02:41.5,2021,PM Verification Code
1000,17-18,Itai Almogy,M,Lwt,18,USA,02:56.6,2021,PM Verification Code
1000,17-18,Isabel Bisschops,F,Hwt,17,AUS,03:09.7,2020,PM Verification Code
1000,17-18,Annie Phillips,F,Lwt,18,USA,03:32.3,2017,Witnessed at public club
1000,19-29,Jose Luis Sanz Ortega,M,Hwt,25,ESP,02:39.6,2005,Witnessed at public club
1000,19-29,Max Röger,M,Lwt,27,GER,02:53.4,2017,Race result
1000,19-29,Olena Buryak,F,Hwt,29,UKR,03:04.9,2018,Race result
1000,19-29,Sofia Meakin,F,Lwt,21,SUI,03:22.0,2020,PM Verification Code
1000,30-39,Sam Loch,M,Hwt,33,AUS,02:39.5,2017,PM Verification Code
1000,30-39,Cláudio Rodrigues,M,Lwt,30,POR,02:57.9,2021,PM Verification Code
1000,30-39,Olena Buryak,F,Hwt,30,UKR,03:11.2,2021,PM Verification Code
1000,30-39,Lorraine Walker,F,Lwt,31,USA,03:18.8,2019,PM Verification Code
1000,40-49,Maciej Maciejewski,M,Hwt,42,POL,02:41.5,2020,PM Verification Code
1000,40-49,Kenny MacDonald,M,Lwt,46,IRL,03:00.8,2020,Race result
1000,40-49,Georgia Peramatzi,F,Hwt,42,GRE,03:12.7,2018,Race result
1000,40-49,Anna Hughes-Davies,F,Lwt,42,GBR,03:24.7,2021,PM Verification Code
1000,50-59,Andrew Benko,M,Hwt,50,USA,02:49.2,2018,PM Verification Code
1000,50-59,Klaus Bischof,M,Lwt,52,GER,03:03.0,2020,PM Verification Code
1000,50-59,Margit Haahr Hansen,F,Hwt,52,DEN,03:23.6,2019,PM Verification Code
1000,50-59,Justine Reston,F,Lwt,50,GBR,03:29.8,2020,PM Verification Code
1000,60-69,Ken Gates,M,Hwt,60,USA,02:59.6,2020,PM Verification Code
1000,60-69,Martin Luirink,M,Lwt,61,NED,03:10.8,2021,PM Verification Code
1000,60-69,Elena Tereshina,F,Hwt,60,UKR,03:34.5,2019,PM Verification Code
1000,60-69,Carol Woodward,F,Lwt,60,GBR,03:43.0,2019,PM Verification Code
1000,70-79,James Castellan,M,Hwt,70,USA,03:13.6,2016,PM Verification Code
1000,70-79,Alain Mangin,M,Lwt,70,FRA,03:22.5,2019,PM Verification Code
1000,70-79,Mies Bernelot Moens,F,Hwt,70,NED,03:50.4,2016,PM Verification Code
1000,70-79,Anne Cresswell,F,Lwt,70,AUS,03:58.9,2009,Witnessed at public club
1000,80-89,Jan Otto Kristiansen,M,Hwt,80,NOR,03:33.1,2021,PM Verification Code
1000,80-89,Dave Watts,M,Lwt,80,CAN,03:42.8,2019,PM Verification Code
1000,80-89,Luanne Mills,F,Hwt,80,USA,04:18.2,2019,PM Verification Code
1000,80-89,Anne Cresswell,F,Lwt,80,AUS,04:20.1,2019,PM Verification Code
1000,90-99,Allan Coles,M,Hwt,91,AUS,04:11.0,2019,PM Verification Code
1000,90-99,Robert Spenger,M,Lwt,90,USA,04:18.1,2015,PM Verification Code
1000,90-99,Mary Elizabeth Norckauer,F,Lwt,90,USA,05:56.9,2015,Witnessed at public club
1000,90-99,Val Coleman,F,Hwt,91,GBR,07:35.7,2020,PM Verification Code
1000,100+,Sid Zacharias,M,Lwt,101,USA,08:24.8,2017,Race result
10000,12 and Under,Isaiah Harrison,M,,12,USA,39:44.8,2016,PM Verification Code
10000,12 and Under,Teagan Farley,F,,12,USA,42:14.3,2021,PM Verification Code
10000,13-14,Isaiah Harrison,M,,14,USA,34:29.7,2018,PM Verification Code
10000,13-14,Elizabeth Sharis,F,,14,USA,39:57.2,2012,Witnessed at public club
10000,15-16,Isaiah Harrison,M,,16,USA,32:47.5,2020,PM Verification Code
10000,15-16,Emily Delleman,F,,16,USA,37:59.0,2015,PM Verification Code
10000,17-18,Thomas Digby,M,Hwt,18,GBR,32:29.3,2017,PM Verification Code
10000,17-18,Drake Deuel,M,Lwt,18,USA,33:52.7,2017,PM Verification Code
10000,17-18,Sofia Asoumanaki,F,Hwt,18,GRE,36:41.2,2016,Witnessed at public club
10000,17-18,Brigid Kennedy,F,Lwt,18,USA,39:38.5,2018,PM Verification Code
10000,19-29,Conlin McCabe,M,Hwt,27,CAN,31:24.3,2018,PM Verification Code
10000,19-29,Aaron Lattimer,M,Lwt,22,CAN,33:07.1,2019,PM Verification Code
10000,19-29,Line Espedal,F,Hwt,22,USA,35:55.0,2003,Witnessed at public club
10000,19-29,Sofia Meakin,F,Lwt,22,SUI,37:57.0,2020,PM Verification Code
10000,30-39,Eric Murray,M,Hwt,32,NZL,31:05.2,2015,PM Verification Code
10000,30-39,Martino Goretti,M,Lwt,34,ITA,32:54.2,2020,PM Verification Code
10000,30-39,Emma Twigg,F,Hwt,33,NZL,35:33.0,2020,PM Verification Code
10000,30-39,Lorraine Walker,F,Lwt,31,USA,37:43.9,2019,PM Verification Code
10000,40-49,Luke Wollenschlaeger,M,Hwt,47,RSA,32:36.8,2021,PM Verification Code
10000,40-49,Keith Darby,M,Lwt,45,GBR,34:11.8,2021,PM Verification Code
10000,40-49,Jordan Falcone,F,Hwt,40,USA,38:03.1,2019,PM Verification Code
10000,40-49,Justine Reston,F,Lwt,46,GBR,38:35.0,2016,PM Verification Code
10000,50-59,Andrew Benko,M,Hwt,50,USA,33:17.1,2018,PM Verification Code
10000,50-59,Klaus Bischof,M,Lwt,52,GER,34:23.0,2020,PM Verification Code
10000,50-59,Anne Bourlioux,F,Hwt,51,CAN,38:33.0,2012,PM Verification Code
10000,50-59,Justine Reston,F,Lwt,50,GBR,38:54.7,2020,PM Verification Code
10000,60-69,Thomas Darling,M,Hwt,60,USA,34:47.8,2019,PM Verification Code
10000,60-69,Brian Bailey,M,Lwt,61,GBR,35:54.7,2007,PM Verification Code
10000,60-69,Sarah Springman,F,Hwt,60,GBR,40:51.0,2018,PM Verification Code
10000,60-69,Joan Van Blom,F,Lwt,60,USA,41:49.2,2013,PM Verification Code
10000,70-79,TJ Oesterling,M,Hwt,70,USA,36:57.4,2019,PM Verification Code
10000,70-79,Raimund Haberl,M,Lwt,70,AUT,37:11.0,2020,PM Verification Code
10000,70-79,Eileen Ryan,F,Hwt,70,USA,43:41.3,2021,PM Verification Code
10000,70-79,Luanne Mills,F,Lwt,70,USA,43:53.1,2009,PM Verification Code
10000,80-89,Carlo Zezza,M,Hwt,80,USA,40:49.4,2016,PM Verification Code
10000,80-89,Peter Daniels,M,Lwt,80,GBR,43:33.1,2020,PM Verification Code
10000,80-89,Anne Cresswell,F,Lwt,80,AUS,49:20.1,2019,PM Verification Code
10000,80-89,Nancy Franks,F,Hwt,82,USA,58:54.4,2017,PM Verification Code
10000,90-99,Robert Spenger,M,Lwt,90,USA,48:18.5,2015,PM Verification Code
10000,90-99,Robert Spenger,M,Hwt,90,USA,48:50.8,2015,PM Verification Code
2000,12 and Under,Matt Phillips,M,,12,USA,06:57.8,2017,Race result
2000,12 and Under,Helena Purves,F,,12,GBR,07:26.7,2019,Race result
2000,13-14,Isaiah Harrison,M,,14,USA,06:16.7,2018,Race result
2000,13-14,Beckie Leigh,F,,14,NZL,07:06.1,2017,Race result
2000,15-16,Isaiah Harrison,M,,16,USA,05:53.2,2020,Race result
2000,15-16,Grace McGinley,F,,16,USA,06:46.1,2016,Race result
2000,17-18,Gennaro Di Mauro,M,Hwt,18,ITA,05:45.5,2020,Race result
2000,17-18,Henrik Stephansen,M,Lwt,18,DEN,06:06.5,2007,Race result
2000,17-18,Sofia Asoumanaki,F,Hwt,18,GRE,06:28.2,2016,Race result
2000,17-18,Christine Cavallo,F,Lwt,17,USA,07:05.7,2013,Race result
2000,19-29,Josh Dunkley-Smith,M,Hwt,28,AUS,05:35.8,2018,Race result
2000,19-29,Henrik Stephansen,M,Lwt,24,DEN,05:56.7,2013,Race result
2000,19-29,Olena Buryak,F,Hwt,29,UKR,06:22.8,2018,Race result
2000,19-29,Jennifer Casson,F,Lwt,22,CAN,06:53.8,2019,Witnessed at public club
2000,30-39,Rob Waddell,M,Hwt,32,NZL,05:36.6,2008,Race result
2000,30-39,Eskild Ebbesen,M,Lwt,32,DEN,06:06.4,2004,Race result
2000,30-39,Olena Buryak,F,Hwt,31,UKR,06:25.6,2019,Race result
2000,30-39,Lisa Schlenker,F,Lwt,35,USA,06:56.7,2000,Race result
2000,40-49,Pavel Shurmei,M,Hwt,40,BLR,05:47.8,2017,Race result
2000,40-49,Jesús González,M,Lwt,43,ESP,06:14.0,2018,Race result
2000,40-49,Carol Skricki,F,Hwt,40,USA,06:48.2,2003,Race result
2000,40-49,Juliane Elander,F,Lwt,40,DEN,07:05.3,2019,Race result
2000,50-54,Andrew Benko,M,Hwt,50,USA,06:01.7,2018,Race result
2000,50-54,Klaus Bischof,M,Lwt,52,GER,06:25.0,2020,Race result
2000,50-54,Joanne Ritchie,F,Hwt,51,CAN,06:58.0,2012,Race result
2000,50-54,Justine Reston,F,Lwt,50,GBR,07:18.3,2020,Race result
2000,55-59,Thomas Darling,M,Hwt,55,USA,06:12.6,2014,Race result
2000,55-59,Mike Smith,M,Lwt,55,USA,06:29.6,2018,Race result
2000,55-59,Anne Bourlioux,F,Hwt,55,CAN,07:10.1,2016,Race result
2000,55-59,Joan Van Blom,F,Lwt,55,USA,07:30.6,2008,Race result
2000,60-64,Tom Darling,M,Hwt,60,USA,06:20.7,2019,Race result
2000,60-64,Martin Luirink,M,Lwt,61,NED,06:41.7,2021,Race result
2000,60-64,Mies Bernelot Moens,F,Hwt,62,NED,07:31.0,2008,Race result
2000,60-64,Susan Hooten,F,Lwt,62,USA,07:35.5,2015,Race result
2000,65-69,Gustave Carl Schoch,M,Hwt,65,CAN,06:33.5,2021,Race result
2000,65-69,Gérard Le Flohic,M,Lwt,66,FRA,06:46.3,2021,Race result
2000,65-69,Susan Hooten,F,Hwt,65,USA,07:40.5,2018,Race result
2000,65-69,Susan Hooten,F,Lwt,65,USA,07:44.6,2018,Race result
2000,70-74,Roger Borggaard,M,Hwt,70,USA,06:52.1,2016,Race result
2000,70-74,Rod Stewart,M,Lwt,70,AUS,06:59.9,2020,Race result
2000,70-74,Mies Bernelot Moens,F,Hwt,70,NED,08:00.8,2016,Race result
2000,70-74,Luanne Mills,F,Lwt,70,USA,08:12.7,2009,Race result
2000,75-79,George Petelin,M,Hwt,76,AUS,07:07.9,2021,Race result
2000,75-79,Roger Bangay,M,Lwt,75,GBR,07:24.1,2012,Race result
2000,75-79,Mies Bernelot Moens,F,Hwt,75,NED,08:15.5,2021,Race result
2000,75-79,Luanne Mills,F,Lwt,75,USA,08:34.7,2014,Race result
2000,80-84,Paul Guest,M,Hwt,80,AUS,07:26.6,2019,Race result
2000,80-84,Geoffrey Knight,M,Lwt,80,GBR,07:40.4,2015,Race result
2000,80-84,Luanne Mills,F,Hwt,80,USA,08:47.5,2019,Race result
2000,80-84,Anne Cresswell,F,Lwt,80,AUS,09:07.4,2019,Race result
2000,85-89,Mike Hurley,M,Hwt,85,GBR,07:54.2,2021,Race result
2000,85-89,Robert Spenger,M,Lwt,85,USA,08:13.6,2010,CRASH-B 2010
2000,85-89,Alida Kingswood,F,Hwt,89,CAN,10:11.8,2021,Race result
2000,85-89,MaryEllen Moore,F,Lwt,85,USA,10:23.6,2018,Race result
2000,90-94,Robert Spenger,M,Hwt,90,USA,08:42.4,2015,Race result
2000,90-94,Robert Spenger,M,Lwt,90,USA,08:44.9,2015,Race result
2000,90-94,Ernestine Bayer,F,Lwt,91,USA,12:07.5,2000,Race result
2000,90-94,Valerie Coleman,F,Hwt,91,GBR,13:05.0,2021,Race result
2000,95-99,John Hodgson,M,Lwt,96,GBR,10:28.2,2006,Race result
2000,95-99,Vince Home,M,Hwt,95,AUS,10:49.7,2021,Race result
2000,95-99,Dorothy (Dottie) Stewart,F,Lwt,96,USA,14:23.1,2018,Race result
2000,100+,John Hodgson,M,Lwt,100,GBR,13:32.6,2011,Race result
21097,12 and Under,Elijah Harrison,M,,12,USA,34:07.0,2021,PM Verification Code
21097,12 and Under,Teagan Farley,F,,12,USA,38:13.2,2021,PM Verification Code
21097,13-14,Isaiah Harrison,M,,14,USA,18:38.1,2018,PM Verification Code
21097,13-14,Lily Jedlic,F,,14,CAN,32:04.6,2019,PM Verification Code
21097,15-16,Isaiah Harrison,M,,16,USA,13:34.8,2020,PM Verification Code
21097,15-16,Sadie McGirr,F,,16,USA,27:28.9,2014,Witnessed at public club
21097,17-18,Thomas Digby,M,Hwt,18,GBR,10:52.5,2017,PM Verification Code
21097,17-18,Drake Deuel,M,Lwt,18,USA,14:28.3,2017,PM Verification Code
21097,17-18,Gabrielle Graves,F,Hwt,18,USA,23:05.1,2021,PM Verification Code
21097,17-18,Brigid Kennedy,F,Lwt,17,USA,27:31.3,2017,PM Verification Code
21097,19-29,Barnabe Delarze,M,Hwt,25,SUI,08:59.0,2020,PM Verification Code
21097,19-29,Maxwell Lattimer,M,Lwt,27,CAN,12:06.9,2021,PM Verification Code
21097,19-29,Kaifeng Huang,F,Hwt,22,CHN,18:03.4,2021,PM Verification Code
21097,19-29,Sofia Meakin,F,Lwt,22,SUI,22:36.6,2020,PM Verification Code
21097,30-39,Conlin McCabe,M,Hwt,30,CAN,07:22.7,2021,PM Verification Code
21097,30-39,Jesper Jensen,M,Lwt,34,DEN,13:12.9,2017,PM Verification Code
21097,30-39,Emma Twigg,F,Hwt,33,NZL,17:42.2,2021,PM Verification Code
21097,30-39,Anna Lewis,F,Lwt,37,GBR,22:50.2,2016,PM Verification Code
21097,40-49,Luke Wollenschlaeger,M,Hwt,47,RSA,11:04.2,2021,PM Verification Code
21097,40-49,Tim Male,M,Lwt,41,GBR,13:16.6,2017,PM Verification Code
21097,40-49,Margit Haahr Hansen,F,Hwt,49,DEN,22:41.0,2016,PM Verification Code
21097,40-49,Anna Hughes-Davies,F,Lwt,42,GBR,24:05.9,2021,PM Verification Code
21097,50-59,Andrew Benko,M,Hwt,50,USA,12:09.7,2018,PM Verification Code
21097,50-59,Max Chickering,M,Lwt,50,USA,15:02.5,2020,PM Verification Code
21097,50-59,Margit Haahr Hansen,F,Hwt,52,DEN,23:38.3,2019,PM Verification Code
21097,50-59,Justine Reston,F,Lwt,50,GBR,26:08.7,2021,PM Verification Code
21097,60-69,James Crawford,M,Hwt,60,USA,15:56.9,2015,PM Verification Code
21097,60-69,Steve Roedde,M,Lwt,60,CAN,18:42.0,2014,PM Verification Code
21097,60-69,Ann Wopat,F,Hwt,65,USA,28:02.8,2019,PM Verification Code
21097,60-69,Joan Van Blom,F,Lwt,60,USA,29:02.7,2013,PM Verification Code
21097,70-79,TJ Oesterling,M,Hwt,70,USA,20:20.9,2019,PM Verification Code
21097,70-79,Raimund Haberl,M,Lwt,70,AUT,21:05.1,2020,PM Verification Code
21097,70-79,Martine Mallet,F,Lwt,71,FRA,34:16.4,2021,PM Verification Code
21097,70-79,Eileen Ryan,F,Hwt,70,USA,35:33.6,2021,PM Verification Code
21097,80-89,Peter Daniels,M,Lwt,80,GBR,33:50.8,2020,PM Verification Code
21097,80-89,Robert Spenger,M,Hwt,81,USA,33:55.7,2007,PM Verification Code
21097,80-89,Anne Cresswell,F,Lwt,81,AUS,48:55.1,2020,PM Verification Code
21097,80-89,Hildegard Schmiedl,F,Hwt,82,GER,57:31.8,2020,PM Verification Code
21097,90-99,Vincent Home,M,Hwt,90,AUS,47:21.0,2016,Race result
21097,90-99,Dean Smith,M,Lwt,93,USA,05:59.1,2020,PM Verification Code
21097,95-99,Vince Home,M,Hwt,95,AUS,16:08.4,2021,PM Verification Code
42195,12 and Under,Isaiah Harrison,M,,12,USA,25:10.0,2017,PM Verification Code
42195,12 and Under,Clara Dremiere,F,,12,FRA,41:21.7,2021,PM Verification Code
42195,13-14,Isaiah Harrison,M,,14,USA,46:30.5,2018,PM Verification Code
42195,13-14,Jette Post,F,,14,GER,09:57.4,2020,PM Verification Code
42195,15-16,Isaiah Harrison,M,,16,USA,32:57.0,2021,PM Verification Code
42195,15-16,Caroline Schuckel,F,,16,USA,08:31.0,2020,PM Verification Code
42195,17-18,Niki van Sprang,M,Hwt,18,NED,29:08.4,2012,PM Verification Code
42195,17-18,Drake Deuel,M,Lwt,18,USA,30:24.0,2017,PM Verification Code
42195,17-18,Casey Reed,F,Hwt,18,USA,57:05.5,2019,PM Verification Code
42195,17-18,Brigid Kennedy,F,Lwt,17,USA,00:26.2,2017,PM Verification Code
42195,19-29,Ben de Wit,M,Hwt,26,CAN,21:08.7,2016,PM Verification Code
42195,19-29,Jesper Jensen,M,Lwt,29,DEN,29:31.7,2012,PM Verification Code
42195,19-29,Georgie Rowe,F,Hwt,27,AUS,44:27.1,2020,PM Verification Code
42195,19-29,Sofia Meakin,F,Lwt,22,SUI,50:15.3,2021,PM Verification Code
42195,30-39,Benjamin Reuter,M,Hwt,30,GER,24:28.1,2018,PM Verification Code
42195,30-39,Matthias Auer,M,Lwt,38,GER,29:56.7,2010,2010 Scottish IRC
42195,30-39,Eeva Karppinen,F,Hwt,32,FIN,48:29.6,2020,Witnessed at public club
42195,30-39,Lorraine Walker,F,Lwt,31,USA,50:31.9,2019,PM Verification Code
42195,40-49,Antti Varis,M,Hwt,48,FIN,26:40.1,2006,2006 Kunto Championships
42195,40-49,Keith Darby,M,Lwt,44,GBR,32:56.1,2021,PM Verification Code
42195,40-49,Margit Haahr Hansen,F,Hwt,49,DEN,52:00.5,2016,PM Verification Code
42195,40-49,Anna Hughes Davies,F,Lwt,42,GBR,54:43.8,2021,PM Verification Code
42195,50-59,Antti Varis,M,Hwt,54,FIN,29:47.9,2011,2011 Kerava Ergomarathon
42195,50-59,Greg Trahar,M,Lwt,52,GBR,37:04.8,2010,2010 Dutch ErgoMarathon Championships
42195,50-59,Anna Bailey,F,Hwt,55,GBR,53:16.3,2004,Witnessed at public club
42195,50-59,Justine Reston,F,Lwt,50,GBR,58:28.8,2021,PM Verification Code
42195,60-69,Antti Varis,M,Hwt,61,FIN,32:47.9,2018,Race result
42195,60-69,Keith Hiley,M,Lwt,62,GBR,45:39.4,2021,PM Verification Code
42195,60-69,Carla Stein,F,Hwt,60,USA,05:17.1,2021,PM Verification Code
42195,60-69,Carol Woodward,F,Lwt,60,GBR,10:16.1,2020,PM Verification Code
42195,70-79,Raimund Haberl,M,Lwt,70,AUT,49:07.3,2020,PM Verification Code
42195,70-79,TJ Oesterling,M,Hwt,70,USA,49:22.9,2019,PM Verification Code
42195,70-79,Elizabeth Feldman,F,Lwt,70,AUS,17:13.7,2020,PM Verification Code
42195,70-79,Meeri Vaakanainen,F,Hwt,73,FIN,36:22.2,2021,PM Verification Code
42195,80-89,Peter Daniels,M,Lwt,80,GBR,11:55.8,2020,PM Verification Code
42195,80-89,Roy Francis,M,Hwt,81,GBR,13:58.2,2015,PM Verification Code
42195,90-99,Vince Home,M,Hwt,94,AUS,32:57.9,2020,Witnessed at public club
500,12 and Under,Matthew Phillips,M,,12,USA,01:30.1,2017,PM Verification Code
500,12 and Under,Danielle Kaschula,F,,12,ZIM,01:39.3,2020,PM Verification Code
500,13-14,Isaiah Harrison,M,,14,USA,01:19.1,2018,PM Verification Code
500,13-14,Danielle Kaschula,F,,13,ZIM,01:31.9,2021,Race result
500,15-16,Isaiah Harrison,M,,16,USA,01:15.1,2020,PM Verification Code
500,15-16,Meg Knight,F,,16,GBR,01:30.7,2021,PM Verification Code
500,17-18,Isaiah Harrison,M,Hwt,17,USA,01:13.5,2021,PM Verification Code
500,17-18,Itai Almogy,M,Lwt,18,USA,01:19.5,2021,PM Verification Code
500,17-18,Isabel Bisschops,F,Hwt,17,AUS,01:25.3,2020,PM Verification Code
500,17-18,Christine Cavallo,F,Lwt,17,USA,01:36.7,2013,Race result
500,19-29,Phil Clapp,M,Hwt,29,GBR,01:10.5,2020,PM Verification Code
500,19-29,Igor Khmara,M,Lwt,26,UKR,01:19.8,2017,Race result
500,19-29,Olena Buryak,F,Hwt,29,UKR,01:24.5,2018,PM Verification Code
500,19-29,Sofia Meakin,F,Lwt,22,SUI,01:33.6,2020,PM Verification Code
500,30-39,Loren Howard,M,Hwt,34,USA,01:10.5,2019,PM Verification Code
500,30-39,Leo Young,M,Hwt,30,AUS,01:10.5,1991,Witnessed at public club
500,30-39,Benjamin Smith,M,Lwt,32,AUS,01:17.4,2021,Race result
500,30-39,Olena Buryak,F,Hwt,31,UKR,01:27.9,2019,Race result
500,30-39,Lorraine Walker,F,Lwt,31,USA,01:33.2,2019,PM Verification Code
500,40-49,Maciej Maciejewski,M,Hwt,40,POL,01:13.7,2018,PM Verification Code
500,40-49,Pavel Shurmei,M,Hwt,40,BLR,01:13.7,2017,PM Verification Code
500,40-49,Justin Nickel,M,Lwt,40,USA,01:22.7,2020,PM Verification Code
500,40-49,Ana Caldas,F,Hwt,43,POR,01:24.5,2021,Race result
500,40-49,Claire Corcoran,F,Lwt,42,IRL,01:36.2,2020,Race result
500,50-59,Paul Jeffrey,M,Hwt,54,AUS,01:13.7,2018,PM Verification Code
500,50-59,Jeff Arquette,M,Lwt,56,USA,01:22.3,2018,Video
500,50-59,Anne Bourlioux,F,Hwt,55,CAN,01:34.1,2016,PM Verification Code
500,50-59,Paola Mancini,F,Lwt,51,ITA,01:38.4,2021,Race result
500,60-69,John Grady,M,Hwt,60,USA,01:21.7,2021,PM Verification Code
500,60-69,Steve Roedde,M,Lwt,60,CAN,01:27.5,2014,PM Verification Code
500,60-69,Karyn Marshall,F,Hwt,60,USA,01:38.7,2017,PM Verification Code
500,60-69,Jill Gardner,F,Lwt,63,USA,01:43.9,2012,Sidwell Friends Invitational 2012
500,70-79,James Castellan,M,Hwt,70,USA,01:27.9,2016,PM Verification Code
500,70-79,Jørgen Engelbrecht,M,Lwt,71,DEN,01:32.2,2018,PM Verification Code
500,70-79,Barb McColl,F,Hwt,70,CAN,01:51.0,2021,PM Verification Code
500,70-79,Anne Cresswell,F,Lwt,70,AUS,01:53.7,2009,2008 Pan Pacific Games
500,80-89,Jan Otto Kristiansen,M,Hwt,80,NOR,01:37.3,2021,PM Verification Code
500,80-89,Dean Smith,M,Lwt,81,USA,01:41.1,2008,2008 Mile High Sprints
500,80-89,Anne Cresswell,F,Lwt,80,AUS,02:01.9,2019,Race result
500,80-89,Anne Cresswell,F,Hwt,80,AUS,02:02.7,2019,Race result
500,90-99,Allan Coles,M,Hwt,91,AUS,01:57.1,2019,PM Verification Code
500,90-99,Robert Spenger,M,Lwt,90,USA,02:00.9,2015,PM Verification Code
500,90-99,Mary Elizabeth Norckauer,F,Lwt,90,USA,02:43.6,2015,Witnessed at public club
500,90-99,Alison Worrall,F,Hwt,91,AUS,02:49.1,2015,Race result
500,100+,Grace Monaghan,F,Lwt,103,USA,05:05.1,2018,PM Verification Code
5000,12 and Under,Isaiah Harrison,M,,12,USA,19:00.3,2016,PM Verification Code
5000,12 and Under,Teagan Farley,F,,12,USA,20:10.6,2021,PM Verification Code
5000,13-14,Isaiah Harrison,M,,14,USA,16:48.6,2018,PM Verification Code
5000,13-14,Elizabeth Sharis,F,,14,USA,19:08.8,2012,PM Verification Code
5000,15-16,Isaiah Harrison,M,,16,USA,15:53.3,2020,PM Verification Code
5000,15-16,Emily Delleman,F,,16,USA,18:11.3,2015,Witnessed at public club
5000,17-18,Gennaro di Mauro,M,Hwt,18,ITA,15:20.3,2020,PM Verification Code
5000,17-18,Drake Deuel,M,Lwt,18,USA,16:21.5,2017,PM Verification Code
5000,17-18,Isabel Bisschops,F,Hwt,17,AUS,17:33.4,2020,PM Verification Code
5000,17-18,Marguerite Trost,F,Lwt,17,USA,18:54.2,2018,Witnessed at public club
5000,19-29,Mohamed Sbihi,M,Hwt,27,GBR,14:54.5,2016,PM Verification Code
5000,19-29,Drake Deuel,M,Lwt,19,USA,16:03.0,2018,PM Verification Code
5000,19-29,Georgie Rowe,F,Hwt,26,AUS,16:54.2,2020,PM Verification Code
5000,19-29,Jackie Kiddle,F,Lwt,25,NZL,18:01.8,2020,PM Verification Code
5000,30-39,Rob Wadell,M,Hwt,32,NZL,14:58.3,2008,PM Verification Code
5000,30-39,Pietro Ruta,M,Lwt,32,ITA,15:49.6,2020,PM Verification Code
5000,30-39,Frances Houghton,F,Hwt,35,GBR,17:18.2,2016,PM Verification Code
5000,30-39,Lorraine Walker,F,Lwt,31,USA,18:19.8,2019,PM Verification Code
5000,40-49,Mahé Drysdale,M,Hwt,41,NZL,15:16.4,2020,PM Verification Code
5000,40-49,Jesús González,M,Lwt,45,ESP,16:27.8,2020,PM Verification Code
5000,40-49,Su Larcombe,F,Hwt,40,GBR,18:28.4,1996,Witnessed at public club
5000,40-49,Justine Reston,F,Lwt,46,GBR,18:45.2,2016,PM Verification Code
5000,50-59,Andrew Benko,M,Hwt,50,USA,16:11.9,2018,PM Verification Code
5000,50-59,Klaus Bischof,M,Lwt,52,GER,16:46.3,2020,PM Verification Code
5000,50-59,Anne Bourlioux,F,Hwt,51,CAN,18:43.2,2012,PM Verification Code
5000,50-59,Justine Reston,F,Lwt,50,GBR,18:54.9,2019,PM Verification Code
5000,60-69,Ian McNuff,M,Hwt,60,GBR,17:00.5,2017,PM Verification Code
5000,60-69,Brian Bailey,M,Lwt,60,GBR,17:26.3,2006,Witnessed at public club
5000,60-69,Susan Hooten,F,Lwt,62,USA,19:39.5,2016,PM Verification Code
5000,60-69,Ann Wopat,F,Hwt,61,USA,19:43.5,2015,PM Verification Code
5000,70-79,TJ Oesterling,M,Hwt,70,USA,17:53.5,2019,PM Verification Code
5000,70-79,Raimund Haberl,M,Lwt,70,AUT,18:05.3,2020,PM Verification Code
5000,70-79,Eileen Ryan,F,Hwt,70,USA,21:13.0,2021,PM Verification Code
5000,70-79,Elizabeth Feldman,F,Lwt,70,AUS,21:13.1,2019,Race result
5000,80-89,Jan Otto Kristiansen,M,Hwt,80,NOR,19:55.6,2021,PM Verification Code
5000,80-89,Dean Smith,M,Lwt,80,USA,20:45.6,2007,PM Verification Code
5000,80-89,Anne Cresswell,F,Lwt,80,AUS,23:35.1,2019,PM Verification Code
5000,80-89,Joan Bajsarowicz,F,Hwt,80,USA,25:05.6,2018,Witnessed at public club
5000,90-99,Robert Spenger,M,Lwt,90,USA,23:23.9,2015,PM Verification Code
5000,90-99,Robert Spenger,M,Hwt,90,USA,23:42.4,2016,PM Verification Code
5000,90-99,Cynthia Dorfman,F,Hwt,94,USA,46:27.2,2019,Witnessed at public club
5000,90-99,Dot Kesten,F,Lwt,94,USA,01:19.6,2018,Witnessed at public club
6000,12 and Under,Isaiah Harrison,M,,12,USA,23:03.3,2016,PM Verification Code
6000,12 and Under,Anna Menke,F,,12,NED,24:05.4,2019,PM Verification Code
6000,13-14,Isaiah Harrison,M,,14,USA,20:05.6,2019,PM Verification Code
6000,13-14,Holly Davis,F,,14,IRL,22:49.0,2020,PM Verification Code
6000,15-16,Gabriel Obholzer,M,,16,GBR,19:10.1,2021,PM Verification Code
6000,15-16,Emily Delleman,F,,16,USA,21:58.1,2015,Witnessed at public club
6000,17-18,Daniel Williamson,M,Hwt,18,NZL,18:53.2,2019,PM Verification Code
6000,17-18,Charles Kwitchoff,M,Lwt,18,USA,19:47.0,2017,Video
6000,17-18,Sarah Hubbard,F,Hwt,18,AUS,21:14.7,2004,Witnessed at public club
6000,17-18,Lindsey Rust,F,Lwt,18,USA,23:00.4,2020,PM Verification Code
6000,19-29,Jordi Jofre,M,Hwt,23,ESP,18:24.4,2020,Witnessed at public club
6000,19-29,Aaron Lattimer,M,Lwt,22,CAN,19:16.0,2019,PM Verification Code
6000,19-29,Olena Buryak,F,Hwt,27,UKR,20:17.7,2016,PM Verification Code
6000,19-29,Jennifer Casson,F,Lwt,24,CAN,21:44.0,2020,PM Verification Code
6000,30-39,Eric Murray,M,Hwt,32,NZL,18:16.8,2015,PM Verification Code
6000,30-39,Will Daly,M,Lwt,30,USA,19:34.9,2014,PM Verification Code
6000,30-39,Kirsten Kline,F,Hwt,32,USA,21:09.1,2021,PM Verification Code
6000,30-39,Lorraine Walker,F,Lwt,31,USA,22:10.0,2019,PM Verification Code
6000,40-49,Nikola Stojic,M,Hwt,40,SRB,19:00.3,2015,PM Verification Code
6000,40-49,Jesus Gonzalez Alvarez,M,Lwt,46,ESP,19:39.0,2021,PM Verification Code
6000,40-49,Margit Haahr Hansen,F,Hwt,44,DEN,22:11.5,2012,Race result
6000,40-49,Justine Reston,F,Lwt,46,GBR,22:33.3,2016,PM Verification Code
6000,50-59,Andrew Benko,M,Hwt,50,USA,19:29.9,2018,PM Verification Code
6000,50-59,Klaus Bischof,M,Lwt,52,GER,20:27.4,2020,PM Verification Code
6000,50-59,Anne Bourlioux,F,Hwt,50,CAN,22:42.4,2013,PM Verification Code
6000,50-59,Justine Reston,F,Lwt,50,GBR,23:05.7,2020,PM Verification Code
6000,60-69,Richard Cheeseman,M,Hwt,60,GBR,20:33.8,2019,PM Verification Code
6000,60-69,Frede Noerskov Nielsen,M,Lwt,61,DEN,21:24.6,2015,PM Verification Code
6000,60-69,Ann Wopat,F,Hwt,60,USA,23:54.1,2014,PM Verification Code
6000,60-69,Patricia Moonen,F,Lwt,63,USA,24:37.7,2020,PM Verification Code
6000,70-79,TJ Oesterling,M,Hwt,70,USA,21:46.9,2019,PM Verification Code
6000,70-79,Raimund Haberl,M,Lwt,70,AUT,21:47.7,2020,PM Verification Code
6000,70-79,Luanne Mills,F,Lwt,70,USA,25:38.8,2009,PM Verification Code
6000,70-79,Eileen Ryan,F,Hwt,70,USA,25:43.1,2021,PM Verification Code
6000,80-89,Jan Otto Kristiansen,M,Hwt,80,NOR,24:56.5,2021,PM Verification Code
6000,80-89,W Scott Kemper,M,Lwt,80,USA,25:32.4,2019,PM Verification Code
6000,80-89,Anne Cresswell,F,Lwt,82,AUS,28:58.1,2021,PM Verification Code
6000,80-89,Sally Callahan,F,Hwt,80,USA,29:54.2,2011,PM Verification Code
6000,90-99,Robert Spenger,M,Lwt,90,USA,28:56.5,2015,PM Verification Code
6000,90-99,Robert Spenger,M,Hwt,90,USA,28:58.8,2016,PM Verification Code
